,y,Coal power plant - Air cooling (new),Oil fired gas turbine (SCGT) - MDT cooling (new),Light Fuel Oil stand alone (1kW),Natural gas power plant (combined cycle) - MDT cooling (new),Natural gas power plant (single cycle) - Air cooling (new)
0,2015.0,0.0,0.0,0.13474629620403397,0.0,0.0
1,2016.0,0.0,0.0,0.07332904111096034,0.0,0.0
2,2019.0,0.0,0.0,0.24449761292714733,0.0,0.0
3,2020.0,0.0,0.0,0.0,2.526194991111416,0.30385842580276123
4,2021.0,0.0,0.0,0.0,0.0,0.057568926335299496
5,2025.0,0.0,0.00021467841287789647,0.0,0.0,0.0
6,2050.0,2.3469884624677215,0.0,0.0,0.0,0.0
