,y,Coal power plant - OTF/OTS cooling (new),Light Fuel Oil stand alone (1kW)
0,2015.0,0.0,0.00029174287937846295
1,2016.0,0.0,0.0069027368865667744
2,2024.0,0.11149964704561527,0.0
3,2037.0,0.013514360643010754,0.0
4,2038.0,0.33299018730246616,0.0
5,2040.0,0.347779462661068,0.0
6,2044.0,0.256732927520057,0.0
7,2045.0,0.0164087262255374,0.0
8,2048.0,2.9388526010573037,0.0
9,2058.0,0.9322727525706976,0.0
10,2059.0,0.3388668509735005,0.0
