,y,Dal,Dagash,Kajbar,Mograt,Medium hydropower plant (Run-of river),Large hydropower plant (Dam),Sabaloka,Shereik
0,2022.0,0.0,0.0,0.0,0.0,0.7517289857386816,0.0,0.0,0.0
1,2024.0,0.0,0.0,0.36,0.0,0.0,0.0,0.0,0.0
2,2025.0,0.0,0.0,0.0,0.0,0.0,0.0,0.0,0.42
3,2028.0,0.0,0.312,0.0,0.0,0.0,0.0,0.0,0.0
4,2030.0,0.648,0.0,0.0,0.0,0.0,0.0,0.205,0.0
5,2035.0,0.0,0.0,0.0,0.312,0.6792710142613184,0.205,0.0,0.0
