,y,Coal power plant - OTF/OTS cooling (new),Light Fuel Oil stand alone (1kW),Natural gas power plant (combined cycle) - MDT cooling (new)
0,2015.0,0.0,0.00029174287937846295,0.0
1,2016.0,0.0,0.010468413681423691,0.0
2,2021.0,0.0,0.0,1.2418906600566455
3,2040.0,0.5020177926943024,0.0,0.0
4,2042.0,0.35443303382996455,0.0,0.0
5,2048.0,3.14943568112262,0.0,0.0
6,2056.0,0.13665490242432612,0.0,0.0
