,y,Dal,Dagash,Kajbar,Mograt,Medium hydropower plant (Run-of river),Large hydropower plant (Dam),Sabaloka,Shereik
0,2022.0,0.0,0.0,0.0,0.0,0.2036526061916609,0.205,0.0,0.0
1,2024.0,0.0,0.0,0.36,0.0,0.0,0.0,0.0,0.0
2,2025.0,0.0,0.0,0.0,0.0,0.0,0.0,0.0,0.42
3,2028.0,0.0,0.312,0.0,0.0,0.0,0.0,0.0,0.0
4,2030.0,0.648,0.0,0.0,0.0,0.0,0.0,0.205,0.0
5,2034.0,0.0,0.0,0.0,0.059449119415909364,0.0,0.0,0.0,0.0
6,2035.0,0.0,0.0,0.0,0.25255088058409064,1.1790269709130508,0.0,0.0,0.0
7,2036.0,0.0,0.0,0.0,0.0,0.048320422895288484,0.0,0.0,0.0
