,y,Dagash,Dal,Kajbar,Mograt,Sabaloka,Shereik
1,2024.0,0.0,0.0,0.36,0.0,0.0,0.0
2,2025.0,0.0,0.0,0.0,0.0,0.0,0.42
3,2028.0,0.312,0.0,0.0,0.0,0.0,0.0
4,2030.0,0.0,0.6480000000000187,0.0,0.0,0.2050000000000059,0.0
5,2040.0,0.0,0.0,0.0,0.312,0.0,0.0
