,y,Medium hydropower plant (Run-of river),Large hydropower plant (Dam)
0,2015.0,0.06054556258807046,0.051848776075183414
1,2017.0,0.05259300851770757,0.0
2,2018.0,0.009536648534917098,0.08368457949758641
3,2019.0,0.0,0.09322122803250361
